<annotation>
	<folder>hospira_plum_xl</folder>
	<filename>hospira abbot plum xl infusion_157__fliph.jpg</filename>
	<path>C:\NS_misc\Hackathons\19.9\Images\hospira_plum_xl\hospira_plum_xl\hospira abbot plum xl infusion_157__fliph.jpg</path>
	<source>
		<database>Unknown</database>
	</source>
	<size>
		<width>663</width>
		<height>707</height>
		<depth>3</depth>
	</size>
	<segmented>0</segmented>
	<object>
		<name>plumxl1</name>
		<pose>Unspecified</pose>
		<truncated>0</truncated>
		<difficult>0</difficult>
		<bndbox>
			<xmin>76</xmin>
			<ymin>61</ymin>
			<xmax>610</xmax>
			<ymax>679</ymax>
		</bndbox>
	</object>
</annotation>
