<annotation>
	<folder>hospira_plum_xl</folder>
	<filename>hospira abbot plum xl infusion_4.jpg</filename>
	<path>C:/NS_misc/Hackathons/19.9/Images/hospira_plum_xl/hospira_plum_xl/hospira abbot plum xl infusion_4.jpg</path>
	<source>
		<database>Unknown</database>
	</source>
	<size>
		<width>600</width>
		<height>600</height>
		<depth>3</depth>
	</size>
	<segmented>0</segmented>
	<object>
		<name>plumxl1</name>
		<pose>Unspecified</pose>
		<truncated>0</truncated>
		<difficult>0</difficult>
		<bndbox>
			<xmin>70</xmin>
			<ymin>73</ymin>
			<xmax>527</xmax>
			<ymax>550</ymax>
		</bndbox>
	</object>
</annotation>
