<annotation>
	<folder>hospira_plum_xl</folder>
	<filename>hospira abbot plum xl infusion_22__fliph.jpg</filename>
	<path>C:\NS_misc\Hackathons\19.9\Images\hospira_plum_xl\hospira_plum_xl\hospira abbot plum xl infusion_22__fliph.jpg</path>
	<source>
		<database>Unknown</database>
	</source>
	<size>
		<width>480</width>
		<height>453</height>
		<depth>3</depth>
	</size>
	<segmented>0</segmented>
	<object>
		<name>plumxl1</name>
		<pose>Unspecified</pose>
		<truncated>0</truncated>
		<difficult>0</difficult>
		<bndbox>
			<xmin>48</xmin>
			<ymin>129</ymin>
			<xmax>440</xmax>
			<ymax>439</ymax>
		</bndbox>
	</object>
</annotation>
