<annotation>
	<folder>hospira_plum_xl</folder>
	<filename>hospira abbot plum xl infusion_3__noise0.01.jpg</filename>
	<path>C:/NS_misc/Hackathons/19.9/Images/hospira_plum_xl/hospira_plum_xl/hospira abbot plum xl infusion_3__noise0.01.jpg</path>
	<source>
		<database>Unknown</database>
	</source>
	<size>
		<width>300</width>
		<height>293</height>
		<depth>3</depth>
	</size>
	<segmented>0</segmented>
	<object>
		<name>plumxl1</name>
		<pose>Unspecified</pose>
		<truncated>0</truncated>
		<difficult>0</difficult>
		<bndbox>
			<xmin>18</xmin>
			<ymin>8</ymin>
			<xmax>271</xmax>
			<ymax>275</ymax>
		</bndbox>
	</object>
</annotation>
