<annotation>
	<folder>hospira_plum_xl</folder>
	<filename>hospira abbot plum xl infusion_2__flipv.jpg</filename>
	<path>C:/NS_misc/Hackathons/19.9/Images/hospira_plum_xl/hospira_plum_xl/hospira abbot plum xl infusion_2__flipv.jpg</path>
	<source>
		<database>Unknown</database>
	</source>
	<size>
		<width>500</width>
		<height>500</height>
		<depth>3</depth>
	</size>
	<segmented>0</segmented>
	<object>
		<name>plumxl1</name>
		<pose>Unspecified</pose>
		<truncated>0</truncated>
		<difficult>0</difficult>
		<bndbox>
			<xmin>22</xmin>
			<ymin>17</ymin>
			<xmax>474</xmax>
			<ymax>491</ymax>
		</bndbox>
	</object>
</annotation>
