<annotation>
	<folder>images</folder>
	<filename>img_5.jpg</filename>
	<path>C:\Users\Brian-Gloekler\Desktop\Hackathon\Google_Images\infusomat_space\images\img_5.jpg</path>
	<source>
		<database>Unknown</database>
	</source>
	<size>
		<width>700</width>
		<height>700</height>
		<depth>3</depth>
	</size>
	<segmented>0</segmented>
	<object>
		<name>BBraun Infusomat Space</name>
		<pose>Unspecified</pose>
		<truncated>0</truncated>
		<difficult>0</difficult>
		<bndbox>
			<xmin>61</xmin>
			<ymin>231</ymin>
			<xmax>661</xmax>
			<ymax>456</ymax>
		</bndbox>
	</object>
</annotation>
