<annotation>
	<folder>images</folder>
	<filename>img_38__rot-45.png</filename>
	<path>C:\Users\Brian-Gloekler\Desktop\Hackathon\Google_Images\infusomat_space\images\img_38__rot-45.png</path>
	<source>
		<database>Unknown</database>
	</source>
	<size>
		<width>607</width>
		<height>316</height>
		<depth>3</depth>
	</size>
	<segmented>0</segmented>
	<object>
		<name>BBraun Infusomat Space</name>
		<pose>Unspecified</pose>
		<truncated>1</truncated>
		<difficult>0</difficult>
		<bndbox>
			<xmin>148</xmin>
			<ymin>1</ymin>
			<xmax>410</xmax>
			<ymax>215</ymax>
		</bndbox>
	</object>
</annotation>
