<annotation>
	<folder>images</folder>
	<filename>img_68__rot-45.jpg</filename>
	<path>C:\Users\Brian-Gloekler\Desktop\Hackathon\Google_Images\infusomat_space\images\img_68__rot-45.jpg</path>
	<source>
		<database>Unknown</database>
	</source>
	<size>
		<width>1280</width>
		<height>720</height>
		<depth>3</depth>
	</size>
	<segmented>0</segmented>
	<object>
		<name>BBraun Infusomat Space</name>
		<pose>Unspecified</pose>
		<truncated>1</truncated>
		<difficult>0</difficult>
		<bndbox>
			<xmin>302</xmin>
			<ymin>6</ymin>
			<xmax>1260</xmax>
			<ymax>720</ymax>
		</bndbox>
	</object>
</annotation>
