<annotation>
	<folder>images</folder>
	<filename>img_77__fliph.jpg</filename>
	<path>C:\Users\Brian-Gloekler\Desktop\Hackathon\Google_Images\infusomat_space\images\img_77__fliph.jpg</path>
	<source>
		<database>Unknown</database>
	</source>
	<size>
		<width>1700</width>
		<height>2200</height>
		<depth>3</depth>
	</size>
	<segmented>0</segmented>
	<object>
		<name>BBraun Infusomat Space</name>
		<pose>Unspecified</pose>
		<truncated>0</truncated>
		<difficult>0</difficult>
		<bndbox>
			<xmin>350</xmin>
			<ymin>672</ymin>
			<xmax>1321</xmax>
			<ymax>1178</ymax>
		</bndbox>
	</object>
</annotation>
