<annotation>
	<folder>images</folder>
	<filename>img_15__rot-45.jpg</filename>
	<path>C:\Users\Brian-Gloekler\Desktop\Hackathon\Google_Images\infusomat_space\images\img_15__rot-45.jpg</path>
	<source>
		<database>Unknown</database>
	</source>
	<size>
		<width>800</width>
		<height>800</height>
		<depth>3</depth>
	</size>
	<segmented>0</segmented>
	<object>
		<name>BBraun Infusomat Space</name>
		<pose>Unspecified</pose>
		<truncated>0</truncated>
		<difficult>0</difficult>
		<bndbox>
			<xmin>187</xmin>
			<ymin>187</ymin>
			<xmax>629</xmax>
			<ymax>628</ymax>
		</bndbox>
	</object>
</annotation>
