<annotation>
	<folder>images</folder>
	<filename>img_38__noise0.01.png</filename>
	<path>C:\Users\Brian-Gloekler\Desktop\Hackathon\Google_Images\infusomat_space\images\img_38__noise0.01.png</path>
	<source>
		<database>Unknown</database>
	</source>
	<size>
		<width>607</width>
		<height>316</height>
		<depth>3</depth>
	</size>
	<segmented>0</segmented>
	<object>
		<name>BBraun Infusomat Space</name>
		<pose>Unspecified</pose>
		<truncated>0</truncated>
		<difficult>0</difficult>
		<bndbox>
			<xmin>181</xmin>
			<ymin>44</ymin>
			<xmax>513</xmax>
			<ymax>137</ymax>
		</bndbox>
	</object>
</annotation>
